{"accuracy": [0.5053262114524841, 0.5179760456085205, 0.7296937704086304, 0.8135818839073181, 0.8195738792419434, 0.8175765872001648, 0.8209054470062256, 0.8182423710823059, 0.8202396631240845, 0.82356858253479], "loss": [0.6943112015724182, 0.6919196248054504, 0.5607660412788391, 0.46897611021995544, 0.4599773585796356, 0.44568711519241333, 0.45303279161453247, 0.4448613226413727, 0.4464115798473358, 0.4392009377479553], "val_accuracy": [0.4936170279979706, 0.6638298034667969, 0.8042553067207336, 0.8021276593208313, 0.8042553067207336, 0.8042553067207336, 0.806382954120636, 0.8042553067207336, 0.8085106611251831, 0.8085106611251831], "val_loss": [0.6931654214859009, 0.6854381561279297, 0.48227161169052124, 0.47047775983810425, 0.4600967764854431, 0.4729953408241272, 0.4669184684753418, 0.462012380361557, 0.47084102034568787, 0.4688977897167206]}